-- phpMyAdmin SQL Dump
-- version 5.0.2
-- https://www.phpmyadmin.net/
--
-- Servidor: localhost
-- Tiempo de generación: 24-06-2021 a las 20:44:46
-- Versión del servidor: 10.4.14-MariaDB
-- Versión de PHP: 7.2.33

SET SQL_MODE = "NO_AUTO_VALUE_ON_ZERO";
START TRANSACTION;
SET time_zone = "+00:00";


/*!40101 SET @OLD_CHARACTER_SET_CLIENT=@@CHARACTER_SET_CLIENT */;
/*!40101 SET @OLD_CHARACTER_SET_RESULTS=@@CHARACTER_SET_RESULTS */;
/*!40101 SET @OLD_COLLATION_CONNECTION=@@COLLATION_CONNECTION */;
/*!40101 SET NAMES utf8mb4 */;

--
-- Base de datos: `distribuciones_jm`
--

-- --------------------------------------------------------

--
-- Estructura de tabla para la tabla `ad_caja`
--

CREATE TABLE `ad_caja` (
  `caja_id` int(11) NOT NULL,
  `factura_id` int(11) NOT NULL,
  `creador_id` int(11) NOT NULL,
  `editor_id` int(11) DEFAULT NULL,
  `total_ingreso` int(11) NOT NULL,
  `fecha_creacion` int(11) NOT NULL DEFAULT current_timestamp(),
  `fecha_modificacion` datetime DEFAULT NULL,
  `estado` int(11) NOT NULL COMMENT '1: creada; 2: Pendiente; 3: Cancelada	'
) ENGINE=InnoDB DEFAULT CHARSET=utf8mb4;

-- --------------------------------------------------------

--
-- Estructura de tabla para la tabla `ad_ciudades`
--

CREATE TABLE `ad_ciudades` (
  `ciudad_id` int(10) NOT NULL,
  `ciudad` varchar(255) NOT NULL,
  `departamento_id` int(10) NOT NULL,
  `estado_id` int(1) NOT NULL
) ENGINE=InnoDB DEFAULT CHARSET=latin1;

--
-- Volcado de datos para la tabla `ad_ciudades`
--

INSERT INTO `ad_ciudades` (`ciudad_id`, `ciudad`, `departamento_id`, `estado_id`) VALUES
(1, 'MEDELLIN', 1, 1),
(2, 'ABEJORRAL', 1, 1),
(3, 'ABRIAQUI', 1, 1),
(4, 'ALEJANDRIA', 1, 1),
(5, 'AMAGA', 1, 1),
(6, 'AMALFI', 1, 1),
(7, 'ANDES', 1, 1),
(8, 'ANGELOPOLIS', 1, 1),
(9, 'ANGOSTURA', 1, 1),
(10, 'ANORI', 1, 1),
(11, 'SANTAFE DE ANTIOQUIA', 1, 1),
(12, 'ANZA', 1, 1),
(13, 'APARTADO', 1, 1),
(14, 'ARBOLETES', 1, 1),
(15, 'ARGELIA', 1, 1),
(16, 'ARMENIA', 1, 1),
(17, 'BARBOSA', 1, 1),
(18, 'BELMIRA', 1, 1),
(19, 'BELLO', 1, 1),
(20, 'BETANIA', 1, 1),
(21, 'BETULIA', 1, 1),
(22, 'CIUDAD BOLIVAR', 1, 1),
(23, 'BRICEÑO', 1, 1),
(24, 'BURITICA', 1, 1),
(25, 'CACERES', 1, 1),
(26, 'CAICEDO', 1, 1),
(27, 'CALDAS', 1, 1),
(28, 'CAMPAMENTO', 1, 1),
(29, 'CA&Ntilde;ASGORDAS', 1, 1),
(30, 'CARACOLI', 1, 1),
(31, 'CARAMANTA', 1, 1),
(32, 'CAREPA', 1, 1),
(33, 'EL CARMEN DE VIBORAL', 1, 1),
(34, 'CAROLINA', 1, 1),
(35, 'CAUCASIA', 1, 1),
(36, 'CHIGORODO', 1, 1),
(37, 'CISNEROS', 1, 1),
(38, 'COCORNA', 1, 1),
(39, 'CONCEPCION', 1, 1),
(40, 'CONCORDIA', 1, 1),
(41, 'COPACABANA', 1, 1),
(42, 'DABEIBA', 1, 1),
(43, 'DON MATIAS', 1, 1),
(44, 'EBEJICO', 1, 1),
(45, 'EL BAGRE', 1, 1),
(46, 'ENTRERRIOS', 1, 1),
(47, 'ENVIGADO', 1, 1),
(48, 'FREDONIA', 1, 1),
(49, 'FRONTINO', 1, 1),
(50, 'GIRALDO', 1, 1),
(51, 'GIRARDOTA', 1, 1),
(52, 'GOMEZ PLATA', 1, 1),
(53, 'GRANADA', 1, 1),
(54, 'GUADALUPE', 1, 1),
(55, 'GUARNE', 1, 1),
(56, 'GUATAPE', 1, 1),
(57, 'HELICONIA', 1, 1),
(58, 'HISPANIA', 1, 1),
(59, 'ITAGUI', 1, 1),
(60, 'ITUANGO', 1, 1),
(61, 'JARDIN', 1, 1),
(62, 'JERICO', 1, 1),
(63, 'LA CEJA', 1, 1),
(64, 'LA ESTRELLA', 1, 1),
(65, 'LA PINTADA', 1, 1),
(66, 'LA UNION', 1, 1),
(67, 'LIBORINA', 1, 1),
(68, 'MACEO', 1, 1),
(69, 'MARINILLA', 1, 1),
(70, 'MONTEBELLO', 1, 1),
(71, 'MURINDO', 1, 1),
(72, 'MUTATA', 1, 1),
(73, 'NARI&Ntilde;O', 1, 1),
(74, 'NECOCLI', 1, 1),
(75, 'NECHI', 1, 1),
(76, 'OLAYA', 1, 1),
(77, 'PEDOL', 1, 1),
(78, 'PEQUE', 1, 1),
(79, 'PUEBLORRICO', 1, 1),
(80, 'PUERTO BERRIO', 1, 1),
(81, 'PUERTO NARE', 1, 1),
(82, 'PUERTO TRIUNFO', 1, 1),
(83, 'REMEDIOS', 1, 1),
(84, 'RETIRO', 1, 1),
(85, 'RIONEGRO', 1, 1),
(86, 'SABANALARGA', 1, 1),
(87, 'SABANETA', 1, 1),
(88, 'SALGAR', 1, 1),
(89, 'SAN ANDRES DE CUERQUIA', 1, 1),
(90, 'SAN CARLOS', 1, 1),
(91, 'SAN FRANCISCO', 1, 1),
(92, 'SAN JERONIMO', 1, 1),
(93, 'SAN JOSE DE LA MONTA&Ntilde;A', 1, 1),
(94, 'SAN JUAN DE URABA', 1, 1),
(95, 'SAN LUIS', 1, 1),
(96, 'SAN PEDRO', 1, 1),
(97, 'SAN PEDRO DE URABA', 1, 1),
(98, 'SAN RAFAEL', 1, 1),
(99, 'SAN ROQUE', 1, 1),
(100, 'SAN VICENTE', 1, 1),
(101, 'SANTA BARBARA', 1, 1),
(102, 'SANTA ROSA DE OSOS', 1, 1),
(103, 'SANTO DOMINGO', 1, 1),
(104, 'EL SANTUARIO', 1, 1),
(105, 'SEGOVIA', 1, 1),
(106, 'SONSON', 1, 1),
(107, 'SOPETRAN', 1, 1),
(108, 'TAMESIS', 1, 1),
(109, 'TARAZA', 1, 1),
(110, 'TARSO', 1, 1),
(111, 'TITIRIBI', 1, 1),
(112, 'TOLEDO', 1, 1),
(113, 'TURBO', 1, 1),
(114, 'URAMITA', 1, 1),
(115, 'URRAO', 1, 1),
(116, 'VALDIVIA', 1, 1),
(117, 'VALPARAISO', 1, 1),
(118, 'VEGACHI', 1, 1),
(119, 'VENECIA', 1, 1),
(120, 'VIGIA DEL FUERTE', 1, 1),
(121, 'YALI', 1, 1),
(122, 'YARUMAL', 1, 1),
(123, 'YOLOMBO', 1, 1),
(124, 'YONDO', 1, 1),
(125, 'ZARAGOZA', 1, 1),
(126, 'BARRANQUILLA', 2, 1),
(127, 'BARANOA', 2, 1),
(128, 'CAMPO DE LA CRUZ', 2, 1),
(129, 'CANDELARIA', 2, 1),
(130, 'GALAPA', 2, 1),
(131, 'JUAN DE ACOSTA', 2, 1),
(132, 'LURUACO', 2, 1),
(133, 'MALAMBO', 2, 1),
(134, 'MANATI', 2, 1),
(135, 'PALMAR DE VARELA', 2, 1),
(136, 'PIOJO', 2, 1),
(137, 'POLONUEVO', 2, 1),
(138, 'PONEDERA', 2, 1),
(139, 'PUERTO COLOMBIA', 2, 1),
(140, 'REPELON', 2, 1),
(141, 'SABANAGRANDE', 2, 1),
(142, 'SABANALARGA', 2, 1),
(143, 'SANTA LUCIA', 2, 1),
(144, 'SANTO TOMAS', 2, 1),
(145, 'SOLEDAD', 2, 1),
(146, 'SUAN', 2, 1),
(147, 'TUBARA', 2, 1),
(148, 'USIACURI', 2, 1),
(149, 'BOGOTA D.C.', 3, 1),
(150, 'CARTAGENA', 4, 1),
(151, 'ACHI', 4, 1),
(152, 'ALTOS DEL ROSARIO', 4, 1),
(153, 'ARENAL', 4, 1),
(154, 'ARJONA', 4, 1),
(155, 'ARROYOHONDO', 4, 1),
(156, 'BARRANCO DE LOBA', 4, 1),
(157, 'CALAMAR', 4, 1),
(158, 'CANTAGALLO', 4, 1),
(159, 'CICUCO', 4, 1),
(160, 'CORDOBA', 4, 1),
(161, 'CLEMENCIA', 4, 1),
(162, 'EL CARMEN DE BOLIVAR', 4, 1),
(163, 'EL GUAMO', 4, 1),
(164, 'EL PE&Ntilde;ON', 4, 1),
(165, 'HATILLO DE LOBA', 4, 1),
(166, 'MAGANGUE', 4, 1),
(167, 'MAHATES', 4, 1),
(168, 'MARGARITA', 4, 1),
(169, 'MARIA LA BAJA', 4, 1),
(170, 'MONTECRISTO', 4, 1),
(171, 'MOMPOS', 4, 1),
(172, 'NOROSI', 4, 1),
(173, 'MORALES', 4, 1),
(174, 'PINILLOS', 4, 1),
(175, 'REGIDOR', 4, 1),
(176, 'RIO VIEJO', 4, 1),
(177, 'SAN CRISTOBAL', 4, 1),
(178, 'SAN ESTANISLAO', 4, 1),
(179, 'SAN FERNANDO', 4, 1),
(180, 'SAN JACINTO', 4, 1),
(181, 'SAN JACINTO DEL CAUCA', 4, 1),
(182, 'SAN JUAN NEPOMUCENO', 4, 1),
(183, 'SAN MARTIN DE LOBA', 4, 1),
(184, 'SAN PABLO', 4, 1),
(185, 'SANTA CATALINA', 4, 1),
(186, 'SANTA ROSA', 4, 1),
(187, 'SANTA ROSA DEL SUR', 4, 1),
(188, 'SIMITI', 4, 1),
(189, 'SOPLAVIENTO', 4, 1),
(190, 'TALAIGUA NUEVO', 4, 1),
(191, 'TIQUISIO', 4, 1),
(192, 'TURBACO', 4, 1),
(193, 'TURBANA', 4, 1),
(194, 'VILLANUEVA', 4, 1),
(195, 'ZAMBRANO', 4, 1),
(196, 'TUNJA', 5, 1),
(197, 'ALMEIDA', 5, 1),
(198, 'AQUITANIA', 5, 1),
(199, 'ARCABUCO', 5, 1),
(200, 'BELEN', 5, 1),
(201, 'BERBEO', 5, 1),
(202, 'BETEITIVA', 5, 1),
(203, 'BOAVITA', 5, 1),
(204, 'BOYACA', 5, 1),
(205, 'BRICEÑO', 5, 1),
(206, 'BUENAVISTA', 5, 1),
(207, 'BUSBANZA', 5, 1),
(208, 'CALDAS', 5, 1),
(209, 'CAMPOHERMOSO', 5, 1),
(210, 'CERINZA', 5, 1),
(211, 'CHINAVITA', 5, 1),
(212, 'CHIQUINQUIRA', 5, 1),
(213, 'CHISCAS', 5, 1),
(214, 'CHITA', 5, 1),
(215, 'CHITARAQUE', 5, 1),
(216, 'CHIVATA', 5, 1),
(217, 'CIENEGA', 5, 1),
(218, 'COMBITA', 5, 1),
(219, 'COPER', 5, 1),
(220, 'CORRALES', 5, 1),
(221, 'COVARACHIA', 5, 1),
(222, 'CUBARA', 5, 1),
(223, 'CUCAITA', 5, 1),
(224, 'CUITIVA', 5, 1),
(225, 'CHIQUIZA', 5, 1),
(226, 'CHIVOR', 5, 1),
(227, 'DUITAMA', 5, 1),
(228, 'EL COCUY', 5, 1),
(229, 'EL ESPINO', 5, 1),
(230, 'FIRAVITOBA', 5, 1),
(231, 'FLORESTA', 5, 1),
(232, 'GACHANTIVA', 5, 1),
(233, 'GAMEZA', 5, 1),
(234, 'GARAGOA', 5, 1),
(235, 'GUACAMAYAS', 5, 1),
(236, 'GUATEQUE', 5, 1),
(237, 'GUAYATA', 5, 1),
(238, 'GsICAN', 5, 1),
(239, 'IZA', 5, 1),
(240, 'JENESANO', 5, 1),
(241, 'JERICO', 5, 1),
(242, 'LABRANZAGRANDE', 5, 1),
(243, 'LA CAPILLA', 5, 1),
(244, 'LA VICTORIA', 5, 1),
(245, 'LA UVITA', 5, 1),
(246, 'VILLA DE LEYVA', 5, 1),
(247, 'MACANAL', 5, 1),
(248, 'MARIPI', 5, 1),
(249, 'MIRAFLORES', 5, 1),
(250, 'MONGUA', 5, 1),
(251, 'MONGUI', 5, 1),
(252, 'MONIQUIRA', 5, 1),
(253, 'MOTAVITA', 5, 1),
(254, 'MUZO', 5, 1),
(255, 'NOBSA', 5, 1),
(256, 'NUEVO COLON', 5, 1),
(257, 'OICATA', 5, 1),
(258, 'OTANCHE', 5, 1),
(259, 'PACHAVITA', 5, 1),
(260, 'PAEZ', 5, 1),
(261, 'PAIPA', 5, 1),
(262, 'PAJARITO', 5, 1),
(263, 'PANQUEBA', 5, 1),
(264, 'PAUNA', 5, 1),
(265, 'PAYA', 5, 1),
(266, 'PAZ DE RIO', 5, 1),
(267, 'PESCA', 5, 1),
(268, 'PISBA', 5, 1),
(269, 'PUERTO BOYACA', 5, 1),
(270, 'QUIPAMA', 5, 1),
(271, 'RAMIRIQUI', 5, 1),
(272, 'RAQUIRA', 5, 1),
(273, 'RONDON', 5, 1),
(274, 'SABOYA', 5, 1),
(275, 'SACHICA', 5, 1),
(276, 'SAMACA', 5, 1),
(277, 'SAN EDUARDO', 5, 1),
(278, 'SAN JOSE DE PARE', 5, 1),
(279, 'SAN LUIS DE GACENO', 5, 1),
(280, 'SAN MATEO', 5, 1),
(281, 'SAN MIGUEL DE SEMA', 5, 1),
(282, 'SAN PABLO DE BORBUR', 5, 1),
(283, 'SANTANA', 5, 1),
(284, 'SANTA MARIA', 5, 1),
(285, 'SANTA ROSA DE VITERBO', 5, 1),
(286, 'SANTA SOFIA', 5, 1),
(287, 'SATIVANORTE', 5, 1),
(288, 'SATIVASUR', 5, 1),
(289, 'SIACHOQUE', 5, 1),
(290, 'SOATA', 5, 1),
(291, 'SOCOTA', 5, 1),
(292, 'SOCHA', 5, 1),
(293, 'SOGAMOSO', 5, 1),
(294, 'SOMONDOCO', 5, 1),
(295, 'SORA', 5, 1),
(296, 'SOTAQUIRA', 5, 1),
(297, 'SORACA', 5, 1),
(298, 'SUSACON', 5, 1),
(299, 'SUTAMARCHAN', 5, 1),
(300, 'SUTATENZA', 5, 1),
(301, 'TASCO', 5, 1),
(302, 'TENZA', 5, 1),
(303, 'TIBANA', 5, 1),
(304, 'TIBASOSA', 5, 1),
(305, 'TINJACA', 5, 1),
(306, 'TIPACOQUE', 5, 1),
(307, 'TOCA', 5, 1),
(308, 'TOGsI', 5, 1),
(309, 'TOPAGA', 5, 1),
(310, 'TOTA', 5, 1),
(311, 'TUNUNGUA', 5, 1),
(312, 'TURMEQUE', 5, 1),
(313, 'TUTA', 5, 1),
(314, 'TUTAZA', 5, 1),
(315, 'UMBITA', 5, 1),
(316, 'VENTAQUEMADA', 5, 1),
(317, 'VIRACACHA', 5, 1),
(318, 'ZETAQUIRA', 5, 1),
(319, 'MANIZALES', 6, 1),
(320, 'AGUADAS', 6, 1),
(321, 'ANSERMA', 6, 1),
(322, 'ARANZAZU', 6, 1),
(323, 'BELALCAZAR', 6, 1),
(324, 'CHINCHINA', 6, 1),
(325, 'FILADELFIA', 6, 1),
(326, 'LA DORADA', 6, 1),
(327, 'LA MERCED', 6, 1),
(328, 'MANZANARES', 6, 1),
(329, 'MARMATO', 6, 1),
(330, 'MARQUETALIA', 6, 1),
(331, 'MARULANDA', 6, 1),
(332, 'NEIRA', 6, 1),
(333, 'NORCASIA', 6, 1),
(334, 'PACORA', 6, 1),
(335, 'PALESTINA', 6, 1),
(336, 'PENSILVANIA', 6, 1),
(337, 'RIOSUCIO', 6, 1),
(338, 'RISARALDA', 6, 1),
(339, 'SALAMINA', 6, 1),
(340, 'SAMANA', 6, 1),
(341, 'SAN JOSE', 6, 1),
(342, 'SUPIA', 6, 1),
(343, 'VICTORIA', 6, 1),
(344, 'VILLAMARIA', 6, 1),
(345, 'VITERBO', 6, 1),
(346, 'FLORENCIA', 7, 1),
(347, 'ALBANIA', 7, 1),
(348, 'BELEN DE LOS ANDAQUIES', 7, 1),
(349, 'CARTAGENA DEL CHAIRA', 7, 1),
(350, 'CURILLO', 7, 1),
(351, 'EL DONCELLO', 7, 1),
(352, 'EL PAUJIL', 7, 1),
(353, 'LA MONTA&Ntilde;ITA', 7, 1),
(354, 'MILAN', 7, 1),
(355, 'MORELIA', 7, 1),
(356, 'PUERTO RICO', 7, 1),
(357, 'SAN JOSE DEL FRAGUA', 7, 1),
(358, 'SAN VICENTE DEL CAGUAN', 7, 1),
(359, 'SOLANO', 7, 1),
(360, 'SOLITA', 7, 1),
(361, 'VALPARAISO', 7, 1),
(362, 'POPAYAN', 8, 1),
(363, 'ALMAGUER', 8, 1),
(364, 'ARGELIA', 8, 1),
(365, 'BALBOA', 8, 1),
(366, 'BOLIVAR', 8, 1),
(367, 'BUENOS AIRES', 8, 1),
(368, 'CAJIBIO', 8, 1),
(369, 'CALDONO', 8, 1),
(370, 'CALOTO', 8, 1),
(371, 'CORINTO', 8, 1),
(372, 'EL TAMBO', 8, 1),
(373, 'FLORENCIA', 8, 1),
(374, 'GUACHENE', 8, 1),
(375, 'GUAPI', 8, 1),
(376, 'INZA', 8, 1),
(377, 'JAMBALO', 8, 1),
(378, 'LA SIERRA', 8, 1),
(379, 'LA VEGA', 8, 1),
(380, 'LOPEZ', 8, 1),
(381, 'MERCADERES', 8, 1),
(382, 'MIRANDA', 8, 1),
(383, 'MORALES', 8, 1),
(384, 'PADILLA', 8, 1),
(385, 'PAEZ', 8, 1),
(386, 'PATIA', 8, 1),
(387, 'PIAMONTE', 8, 1),
(388, 'PIENDAMO', 8, 1),
(389, 'PUERTO TEJADA', 8, 1),
(390, 'PURACE', 8, 1),
(391, 'ROSAS', 8, 1),
(392, 'SAN SEBASTIAN', 8, 1),
(393, 'SANTANDER DE QUILICHAO', 8, 1),
(394, 'SANTA ROSA', 8, 1),
(395, 'SILVIA', 8, 1),
(396, 'SOTARA', 8, 1),
(397, 'SUAREZ', 8, 1),
(398, 'SUCRE', 8, 1),
(399, 'TIMBIO', 8, 1),
(400, 'TIMBIQUI', 8, 1),
(401, 'TORIBIO', 8, 1),
(402, 'TOTORO', 8, 1),
(403, 'VILLA RICA', 8, 1),
(404, 'VALLEDUPAR', 9, 1),
(405, 'AGUACHICA', 9, 1),
(406, 'AGUSTIN CODAZZI', 9, 1),
(407, 'ASTREA', 9, 1),
(408, 'BECERRIL', 9, 1),
(409, 'BOSCONIA', 9, 1),
(410, 'CHIMICHAGUA', 9, 1),
(411, 'CHIRIGUANA', 9, 1),
(412, 'CURUMANI', 9, 1),
(413, 'EL COPEY', 9, 1),
(414, 'EL PASO', 9, 1),
(415, 'GAMARRA', 9, 1),
(416, 'GONZALEZ', 9, 1),
(417, 'LA GLORIA', 9, 1),
(418, 'LA JAGUA DE IBIRICO', 9, 1),
(419, 'MANAURE', 9, 1),
(420, 'PAILITAS', 9, 1),
(421, 'PELAYA', 9, 1),
(422, 'PUEBLO BELLO', 9, 1),
(423, 'RIO DE ORO', 9, 1),
(424, 'LA PAZ', 9, 1),
(425, 'SAN ALBERTO', 9, 1),
(426, 'SAN DIEGO', 9, 1),
(427, 'SAN MARTIN', 9, 1),
(428, 'TAMALAMEQUE', 9, 1),
(429, 'MONTERIA', 10, 1),
(430, 'AYAPEL', 10, 1),
(431, 'BUENAVISTA', 10, 1),
(432, 'CANALETE', 10, 1),
(433, 'CERETE', 10, 1),
(434, 'CHIMA', 10, 1),
(435, 'CHINU', 10, 1),
(436, 'CIENAGA DE ORO', 10, 1),
(437, 'COTORRA', 10, 1),
(438, 'LA APARTADA', 10, 1),
(439, 'LORICA', 10, 1),
(440, 'LOS CORDOBAS', 10, 1),
(441, 'MOMIL', 10, 1),
(442, 'MONTELIBANO', 10, 1),
(443, 'MO&Ntilde;ITOS', 10, 1),
(444, 'PLANETA RICA', 10, 1),
(445, 'PUEBLO NUEVO', 10, 1),
(446, 'PUERTO ESCONDIDO', 10, 1),
(447, 'PUERTO LIBERTADOR', 10, 1),
(448, 'PURISIMA', 10, 1),
(449, 'SAHAGUN', 10, 1),
(450, 'SAN ANDRES SOTAVENTO', 10, 1),
(451, 'SAN ANTERO', 10, 1),
(452, 'SAN BERNARDO DEL VIENTO', 10, 1),
(453, 'SAN CARLOS', 10, 1),
(454, 'SAN PELAYO', 10, 1),
(455, 'TIERRALTA', 10, 1),
(456, 'VALENCIA', 10, 1),
(457, 'AGUA DE DIOS', 11, 1),
(458, 'ALBAN', 11, 1),
(459, 'ANAPOIMA', 11, 1),
(460, 'ANOLAIMA', 11, 1),
(461, 'ARBELAEZ', 11, 1),
(462, 'BELTRAN', 11, 1),
(463, 'BITUIMA', 11, 1),
(464, 'BOJACA', 11, 1),
(465, 'CABRERA', 11, 1),
(466, 'CACHIPAY', 11, 1),
(467, 'CAJICA', 11, 1),
(468, 'CAPARRAPI', 11, 1),
(469, 'CAQUEZA', 11, 1),
(470, 'CARMEN DE CARUPA', 11, 1),
(471, 'CHAGUANI', 11, 1),
(472, 'CHIA', 11, 1),
(473, 'CHIPAQUE', 11, 1),
(474, 'CHOACHI', 11, 1),
(475, 'CHOCONTA', 11, 1),
(476, 'COGUA', 11, 1),
(477, 'COTA', 11, 1),
(478, 'CUCUNUBA', 11, 1),
(479, 'EL COLEGIO', 11, 1),
(480, 'EL PE&Ntilde;ON', 11, 1),
(481, 'EL ROSAL', 11, 1),
(482, 'FACATATIVA', 11, 1),
(483, 'FOMEQUE', 11, 1),
(484, 'FOSCA', 11, 1),
(485, 'FUNZA', 11, 1),
(486, 'FUQUENE', 11, 1),
(487, 'FUSAGASUGA', 11, 1),
(488, 'GACHALA', 11, 1),
(489, 'GACHANCIPA', 11, 1),
(490, 'GACHETA', 11, 1),
(491, 'GAMA', 11, 1),
(492, 'GIRARDOT', 11, 1),
(493, 'GRANADA', 11, 1),
(494, 'GUACHETA', 11, 1),
(495, 'GUADUAS', 11, 1),
(496, 'GUASCA', 11, 1),
(497, 'GUATAQUI', 11, 1),
(498, 'GUATAVITA', 11, 1),
(499, 'GUAYABAL DE SIQUIMA', 11, 1),
(500, 'GUAYABETAL', 11, 1),
(501, 'GUTIERREZ', 11, 1),
(502, 'JERUSALEN', 11, 1),
(503, 'JUNIN', 11, 1),
(504, 'LA CALERA', 11, 1),
(505, 'LA MESA', 11, 1),
(506, 'LA PALMA', 11, 1),
(507, 'LA PE&Ntilde;A', 11, 1),
(508, 'LA VEGA', 11, 1),
(509, 'LENGUAZAQUE', 11, 1),
(510, 'MACHETA', 11, 1),
(511, 'MADRID', 11, 1),
(512, 'MANTA', 11, 1),
(513, 'MEDINA', 11, 1),
(514, 'MOSQUERA', 11, 1),
(515, 'NARI&Ntilde;O', 11, 1),
(516, 'NEMOCON', 11, 1),
(517, 'NILO', 11, 1),
(518, 'NIMAIMA', 11, 1),
(519, 'NOCAIMA', 11, 1),
(520, 'VENECIA', 11, 1),
(521, 'PACHO', 11, 1),
(522, 'PAIME', 11, 1),
(523, 'PANDI', 11, 1),
(524, 'PARATEBUENO', 11, 1),
(525, 'PASCA', 11, 1),
(526, 'PUERTO SALGAR', 11, 1),
(527, 'PULI', 11, 1),
(528, 'QUEBRADANEGRA', 11, 1),
(529, 'QUETAME', 11, 1),
(530, 'QUIPILE', 11, 1),
(531, 'APULO', 11, 1),
(532, 'RICAURTE', 11, 1),
(533, 'SAN ANTONIO DEL TEQUENDAMA', 11, 1),
(534, 'SAN BERNARDO', 11, 1),
(535, 'SAN CAYETANO', 11, 1),
(536, 'SAN FRANCISCO', 11, 1),
(537, 'SAN JUAN DE RIO SECO', 11, 1),
(538, 'SASAIMA', 11, 1),
(539, 'SESQUILE', 11, 1),
(540, 'SIBATE', 11, 1),
(541, 'SILVANIA', 11, 1),
(542, 'SIMIJACA', 11, 1),
(543, 'SOACHA', 11, 1),
(544, 'SOPO', 11, 1),
(545, 'SUBACHOQUE', 11, 1),
(546, 'SUESCA', 11, 1),
(547, 'SUPATA', 11, 1),
(548, 'SUSA', 11, 1),
(549, 'SUTATAUSA', 11, 1),
(550, 'TABIO', 11, 1),
(551, 'TAUSA', 11, 1),
(552, 'TENA', 11, 1),
(553, 'TENJO', 11, 1),
(554, 'TIBACUY', 11, 1),
(555, 'TIBIRITA', 11, 1),
(556, 'TOCAIMA', 11, 1),
(557, 'TOCANCIPA', 11, 1),
(558, 'TOPAIPI', 11, 1),
(559, 'UBALA', 11, 1),
(560, 'UBAQUE', 11, 1),
(561, 'VILLA DE SAN DIEGO DE UBATE', 11, 1),
(562, 'UNE', 11, 1),
(563, 'UTICA', 11, 1),
(564, 'VERGARA', 11, 1),
(565, 'VIANI', 11, 1),
(566, 'VILLAGOMEZ', 11, 1),
(567, 'VILLAPINZON', 11, 1),
(568, 'VILLETA', 11, 1),
(569, 'VIOTA', 11, 1),
(570, 'YACOPI', 11, 1),
(571, 'ZIPACON', 11, 1),
(572, 'ZIPAQUIRA', 11, 1),
(573, 'QUIBDO', 12, 1),
(574, 'ACANDI', 12, 1),
(575, 'ALTO BAUDO', 12, 1),
(576, 'ATRATO', 12, 1),
(577, 'BAGADO', 12, 1),
(578, 'BAHIA SOLANO', 12, 1),
(579, 'BAJO BAUDO', 12, 1),
(580, 'BOJAYA', 12, 1),
(581, 'EL CANTON DEL SAN PABLO', 12, 1),
(582, 'CARMEN DEL DARIEN', 12, 1),
(583, 'CERTEGUI', 12, 1),
(584, 'CONDOTO', 12, 1),
(585, 'EL CARMEN DE ATRATO', 12, 1),
(586, 'EL LITORAL DEL SAN JUAN', 12, 1),
(587, 'ISTMINA', 12, 1),
(588, 'JURADO', 12, 1),
(589, 'LLORO', 12, 1),
(590, 'MEDIO ATRATO', 12, 1),
(591, 'MEDIO BAUDO', 12, 1),
(592, 'MEDIO SAN JUAN', 12, 1),
(593, 'NOVITA', 12, 1),
(594, 'NUQUI', 12, 1),
(595, 'RIO IRO', 12, 1),
(596, 'RIO QUITO', 12, 1),
(597, 'RIOSUCIO', 12, 1),
(598, 'SAN JOSE DEL PALMAR', 12, 1),
(599, 'SIPI', 12, 1),
(600, 'TADO', 12, 1),
(601, 'UNGUIA', 12, 1),
(602, 'UNION PANAMERICANA', 12, 1),
(603, 'NEIVA', 13, 1),
(604, 'ACEVEDO', 13, 1),
(605, 'AGRADO', 13, 1),
(606, 'AIPE', 13, 1),
(607, 'ALGECIRAS', 13, 1),
(608, 'ALTAMIRA', 13, 1),
(609, 'BARAYA', 13, 1),
(610, 'CAMPOALEGRE', 13, 1),
(611, 'COLOMBIA', 13, 1),
(612, 'ELIAS', 13, 1),
(613, 'GARZON', 13, 1),
(614, 'GIGANTE', 13, 1),
(615, 'GUADALUPE', 13, 1),
(616, 'HOBO', 13, 1),
(617, 'IQUIRA', 13, 1),
(618, 'ISNOS', 13, 1),
(619, 'LA ARGENTINA', 13, 1),
(620, 'LA PLATA', 13, 1),
(621, 'NATAGA', 13, 1),
(622, 'OPORAPA', 13, 1),
(623, 'PAICOL', 13, 1),
(624, 'PALERMO', 13, 1),
(625, 'PALESTINA', 13, 1),
(626, 'PITAL', 13, 1),
(627, 'PITALITO', 13, 1),
(628, 'RIVERA', 13, 1),
(629, 'SALADOBLANCO', 13, 1),
(630, 'SAN AGUSTIN', 13, 1),
(631, 'SANTA MARIA', 13, 1),
(632, 'SUAZA', 13, 1),
(633, 'TARQUI', 13, 1),
(634, 'TESALIA', 13, 1),
(635, 'TELLO', 13, 1),
(636, 'TERUEL', 13, 1),
(637, 'TIMANA', 13, 1),
(638, 'VILLAVIEJA', 13, 1),
(639, 'YAGUARA', 13, 1),
(640, 'RIOHACHA', 14, 1),
(641, 'ALBANIA', 14, 1),
(642, 'BARRANCAS', 14, 1),
(643, 'DIBULLA', 14, 1),
(644, 'DISTRACCION', 14, 1),
(645, 'EL MOLINO', 14, 1),
(646, 'FONSECA', 14, 1),
(647, 'HATONUEVO', 14, 1),
(648, 'LA JAGUA DEL PILAR', 14, 1),
(649, 'MAICAO', 14, 1),
(650, 'MANAURE', 14, 1),
(651, 'SAN JUAN DEL CESAR', 14, 1),
(652, 'URIBIA', 14, 1),
(653, 'URUMITA', 14, 1),
(654, 'VILLANUEVA', 14, 1),
(655, 'SANTA MARTA', 15, 1),
(656, 'ALGARROBO', 15, 1),
(657, 'ARACATACA', 15, 1),
(658, 'ARIGUANI', 15, 1),
(659, 'CERRO SAN ANTONIO', 15, 1),
(660, 'CHIBOLO', 15, 1),
(661, 'CIENAGA', 15, 1),
(662, 'CONCORDIA', 15, 1),
(663, 'EL BANCO', 15, 1),
(664, 'EL PI&Ntilde;ON', 15, 1),
(665, 'EL RETEN', 15, 1),
(666, 'FUNDACION', 15, 1),
(667, 'GUAMAL', 15, 1),
(668, 'NUEVA GRANADA', 15, 1),
(669, 'PEDRAZA', 15, 1),
(670, 'PIJI&Ntilde;O DEL CARMEN', 15, 1),
(671, 'PIVIJAY', 15, 1),
(672, 'PLATO', 15, 1),
(673, 'PUEBLOVIEJO', 15, 1),
(674, 'REMOLINO', 15, 1),
(675, 'SABANAS DE SAN ANGEL', 15, 1),
(676, 'SALAMINA', 15, 1),
(677, 'SAN SEBASTIAN DE BUENAVISTA', 15, 1),
(678, 'SAN ZENON', 15, 1),
(679, 'SANTA ANA', 15, 1),
(680, 'SANTA BARBARA DE PINTO', 15, 1),
(681, 'SITIONUEVO', 15, 1),
(682, 'TENERIFE', 15, 1),
(683, 'ZAPAYAN', 15, 1),
(684, 'ZONA BANANERA', 15, 1),
(685, 'VILLAVICENCIO', 16, 1),
(686, 'ACACIAS', 16, 1),
(687, 'BARRANCA DE UPIA', 16, 1),
(688, 'CABUYARO', 16, 1),
(689, 'CASTILLA LA NUEVA', 16, 1),
(690, 'CUBARRAL', 16, 1),
(691, 'CUMARAL', 16, 1),
(692, 'EL CALVARIO', 16, 1),
(693, 'EL CASTILLO', 16, 1),
(694, 'EL DORADO', 16, 1),
(695, 'FUENTE DE ORO', 16, 1),
(696, 'GRANADA', 16, 1),
(697, 'GUAMAL', 16, 1),
(698, 'MAPIRIPAN', 16, 1),
(699, 'MESETAS', 16, 1),
(700, 'LA MACARENA', 16, 1),
(701, 'URIBE', 16, 1),
(702, 'LEJANIAS', 16, 1),
(703, 'PUERTO CONCORDIA', 16, 1),
(704, 'PUERTO GAITAN', 16, 1),
(705, 'PUERTO LOPEZ', 16, 1),
(706, 'PUERTO LLERAS', 16, 1),
(707, 'PUERTO RICO', 16, 1),
(708, 'RESTREPO', 16, 1),
(709, 'SAN CARLOS DE GUAROA', 16, 1),
(710, 'SAN JUAN DE ARAMA', 16, 1),
(711, 'SAN JUANITO', 16, 1),
(712, 'SAN MARTIN', 16, 1),
(713, 'VISTAHERMOSA', 16, 1),
(714, 'PASTO', 17, 1),
(715, 'ALBAN', 17, 1),
(716, 'ALDANA', 17, 1),
(717, 'ANCUYA', 17, 1),
(718, 'ARBOLEDA', 17, 1),
(719, 'BARBACOAS', 17, 1),
(720, 'BELEN', 17, 1),
(721, 'BUESACO', 17, 1),
(722, 'COLON', 17, 1),
(723, 'CONSACA', 17, 1),
(724, 'CONTADERO', 17, 1),
(725, 'CORDOBA', 17, 1),
(726, 'CUASPUD', 17, 1),
(727, 'CUMBAL', 17, 1),
(728, 'CUMBITARA', 17, 1),
(729, 'CHACHAGsI', 17, 1),
(730, 'EL CHARCO', 17, 1),
(731, 'EL PE&Ntilde;OL', 17, 1),
(732, 'EL ROSARIO', 17, 1),
(733, 'EL TABLON DE GOMEZ', 17, 1),
(734, 'EL TAMBO', 17, 1),
(735, 'FUNES', 17, 1),
(736, 'GUACHUCAL', 17, 1),
(737, 'GUAITARILLA', 17, 1),
(738, 'GUALMATAN', 17, 1),
(739, 'ILES', 17, 1),
(740, 'IMUES', 17, 1),
(741, 'IPIALES', 17, 1),
(742, 'LA CRUZ', 17, 1),
(743, 'LA FLORIDA', 17, 1),
(744, 'LA LLANADA', 17, 1),
(745, 'LA TOLA', 17, 1),
(746, 'LA UNION', 17, 1),
(747, 'LEIVA', 17, 1),
(748, 'LINARES', 17, 1),
(749, 'LOS ANDES', 17, 1),
(750, 'MAGsI', 17, 1),
(751, 'MALLAMA', 17, 1),
(752, 'MOSQUERA', 17, 1),
(753, 'NARI&Ntilde;O', 17, 1),
(754, 'OLAYA HERRERA', 17, 1),
(755, 'OSPINA', 17, 1),
(756, 'FRANCISCO PIZARRO', 17, 1),
(757, 'POLICARPA', 17, 1),
(758, 'POTOSI', 17, 1),
(759, 'PROVIDENCIA', 17, 1),
(760, 'PUERRES', 17, 1),
(761, 'PUPIALES', 17, 1),
(762, 'RICAURTE', 17, 1),
(763, 'ROBERTO PAYAN', 17, 1),
(764, 'SAMANIEGO', 17, 1),
(765, 'SANDONA', 17, 1),
(766, 'SAN BERNARDO', 17, 1),
(767, 'SAN LORENZO', 17, 1),
(768, 'SAN PABLO', 17, 1),
(769, 'SAN PEDRO DE CARTAGO', 17, 1),
(770, 'SANTA BARBARA', 17, 1),
(771, 'SANTACRUZ', 17, 1),
(772, 'SAPUYES', 17, 1),
(773, 'TAMINANGO', 17, 1),
(774, 'TANGUA', 17, 1),
(775, 'SAN ANDRES DE TUMACO', 17, 1),
(776, 'TUQUERRES', 17, 1),
(777, 'YACUANQUER', 17, 1),
(778, 'CUCUTA', 18, 1),
(779, 'ABREGO', 18, 1),
(780, 'ARBOLEDAS', 18, 1),
(781, 'BOCHALEMA', 18, 1),
(782, 'BUCARASICA', 18, 1),
(783, 'CACOTA', 18, 1),
(784, 'CACHIRA', 18, 1),
(785, 'CHINACOTA', 18, 1),
(786, 'CHITAGA', 18, 1),
(787, 'CONVENCION', 18, 1),
(788, 'CUCUTILLA', 18, 1),
(789, 'DURANIA', 18, 1),
(790, 'EL CARMEN', 18, 1),
(791, 'EL TARRA', 18, 1),
(792, 'EL ZULIA', 18, 1),
(793, 'GRAMALOTE', 18, 1),
(794, 'HACARI', 18, 1),
(795, 'HERRAN', 18, 1),
(796, 'LABATECA', 18, 1),
(797, 'LA ESPERANZA', 18, 1),
(798, 'LA PLAYA', 18, 1),
(799, 'LOS PATIOS', 18, 1),
(800, 'LOURDES', 18, 1),
(801, 'MUTISCUA', 18, 1),
(802, 'OCA&Ntilde;A', 18, 1),
(803, 'PAMPLONA', 18, 1),
(804, 'PAMPLONITA', 18, 1),
(805, 'PUERTO SANTANDER', 18, 1),
(806, 'RAGONVALIA', 18, 1),
(807, 'SALAZAR', 18, 1),
(808, 'SAN CALIXTO', 18, 1),
(809, 'SAN CAYETANO', 18, 1),
(810, 'SANTIAGO', 18, 1),
(811, 'SARDINATA', 18, 1),
(812, 'SILOS', 18, 1),
(813, 'TEORAMA', 18, 1),
(814, 'TIBU', 18, 1),
(815, 'TOLEDO', 18, 1),
(816, 'VILLA CARO', 18, 1),
(817, 'VILLA DEL ROSARIO', 18, 1),
(818, 'ARMENIA', 19, 1),
(819, 'BUENAVISTA', 19, 1),
(820, 'CALARCA', 19, 1),
(821, 'CIRCASIA', 19, 1),
(822, 'CORDOBA', 19, 1),
(823, 'FILANDIA', 19, 1),
(824, 'GENOVA', 19, 1),
(825, 'LA TEBAIDA', 19, 1),
(826, 'MONTENEGRO', 19, 1),
(827, 'PIJAO', 19, 1),
(828, 'QUIMBAYA', 19, 1),
(829, 'SALENTO', 19, 1),
(830, 'PEREIRA', 20, 1),
(831, 'APIA', 20, 1),
(832, 'BALBOA', 20, 1),
(833, 'BELEN DE UMBRIA', 20, 1),
(834, 'DOSQUEBRADAS', 20, 1),
(835, 'GUATICA', 20, 1),
(836, 'LA CELIA', 20, 1),
(837, 'LA VIRGINIA', 20, 1),
(838, 'MARSELLA', 20, 1),
(839, 'MISTRATO', 20, 1),
(840, 'PUEBLO RICO', 20, 1),
(841, 'QUINCHIA', 20, 1),
(842, 'SANTA ROSA DE CABAL', 20, 1),
(843, 'SANTUARIO', 20, 1),
(844, 'BUCARAMANGA', 21, 1),
(845, 'AGUADA', 21, 1),
(846, 'ALBANIA', 21, 1),
(847, 'ARATOCA', 21, 1),
(848, 'BARBOSA', 21, 1),
(849, 'BARICHARA', 21, 1),
(850, 'BARRANCABERMEJA', 21, 1),
(851, 'BETULIA', 21, 1),
(852, 'BOLIVAR', 21, 1),
(853, 'CABRERA', 21, 1),
(854, 'CALIFORNIA', 21, 1),
(855, 'CAPITANEJO', 21, 1),
(856, 'CARCASI', 21, 1),
(857, 'CEPITA', 21, 1),
(858, 'CERRITO', 21, 1),
(859, 'CHARALA', 21, 1),
(860, 'CHARTA', 21, 1),
(861, 'CHIMA', 21, 1),
(862, 'CHIPATA', 21, 1),
(863, 'CIMITARRA', 21, 1),
(864, 'CONCEPCION', 21, 1),
(865, 'CONFINES', 21, 1),
(866, 'CONTRATACION', 21, 1),
(867, 'COROMORO', 21, 1),
(868, 'CURITI', 21, 1),
(869, 'EL CARMEN DE CHUCURI', 21, 1),
(870, 'EL GUACAMAYO', 21, 1),
(871, 'EL PE&Ntilde;ON', 21, 1),
(872, 'EL PLAYON', 21, 1),
(873, 'ENCINO', 21, 1),
(874, 'ENCISO', 21, 1),
(875, 'FLORIAN', 21, 1),
(876, 'FLORIDABLANCA', 21, 1),
(877, 'GALAN', 21, 1),
(878, 'GAMBITA', 21, 1),
(879, 'GIRON', 21, 1),
(880, 'GUACA', 21, 1),
(881, 'GUADALUPE', 21, 1),
(882, 'GUAPOTA', 21, 1),
(883, 'GUAVATA', 21, 1),
(884, 'GsEPSA', 21, 1),
(885, 'HATO', 21, 1),
(886, 'JESUS MARIA', 21, 1),
(887, 'JORDAN', 21, 1),
(888, 'LA BELLEZA', 21, 1),
(889, 'LANDAZURI', 21, 1),
(890, 'LA PAZ', 21, 1),
(891, 'LEBRIJA', 21, 1),
(892, 'LOS SANTOS', 21, 1),
(893, 'MACARAVITA', 21, 1),
(894, 'MALAGA', 21, 1),
(895, 'MATANZA', 21, 1),
(896, 'MOGOTES', 21, 1),
(897, 'MOLAGAVITA', 21, 1),
(898, 'OCAMONTE', 21, 1),
(899, 'OIBA', 21, 1),
(900, 'ONZAGA', 21, 1),
(901, 'PALMAR', 21, 1),
(902, 'PALMAS DEL SOCORRO', 21, 1),
(903, 'PARAMO', 21, 1),
(904, 'PIEDECUESTA', 21, 1),
(905, 'PINCHOTE', 21, 1),
(906, 'PUENTE NACIONAL', 21, 1),
(907, 'PUERTO PARRA', 21, 1),
(908, 'PUERTO WILCHES', 21, 1),
(909, 'RIONEGRO', 21, 1),
(910, 'SABANA DE TORRES', 21, 1),
(911, 'SAN ANDRES', 21, 1),
(912, 'SAN BENITO', 21, 1),
(913, 'SAN GIL', 21, 1),
(914, 'SAN JOAQUIN', 21, 1),
(915, 'SAN JOSE DE MIRANDA', 21, 1),
(916, 'SAN MIGUEL', 21, 1),
(917, 'SAN VICENTE DE CHUCURI', 21, 1),
(918, 'SANTA BARBARA', 21, 1),
(919, 'SANTA HELENA DEL OPON', 21, 1),
(920, 'SIMACOTA', 21, 1),
(921, 'SOCORRO', 21, 1),
(922, 'SUAITA', 21, 1),
(923, 'SUCRE', 21, 1),
(924, 'SURATA', 21, 1),
(925, 'TONA', 21, 1),
(926, 'VALLE DE SAN JOSE', 21, 1),
(927, 'VELEZ', 21, 1),
(928, 'VETAS', 21, 1),
(929, 'VILLANUEVA', 21, 1),
(930, 'ZAPATOCA', 21, 1),
(931, 'SINCELEJO', 22, 1),
(932, 'BUENAVISTA', 22, 1),
(933, 'CAIMITO', 22, 1),
(934, 'COLOSO', 22, 1),
(935, 'COROZAL', 22, 1),
(936, 'COVE&Ntilde;AS', 22, 1),
(937, 'CHALAN', 22, 1),
(938, 'EL ROBLE', 22, 1),
(939, 'GALERAS', 22, 1),
(940, 'GUARANDA', 22, 1),
(941, 'LA UNION', 22, 1),
(942, 'LOS PALMITOS', 22, 1),
(943, 'MAJAGUAL', 22, 1),
(944, 'MORROA', 22, 1),
(945, 'OVEJAS', 22, 1),
(946, 'PALMITO', 22, 1),
(947, 'SAMPUES', 22, 1),
(948, 'SAN BENITO ABAD', 22, 1),
(949, 'SAN JUAN DE BETULIA', 22, 1),
(950, 'SAN MARCOS', 22, 1),
(951, 'SAN ONOFRE', 22, 1),
(952, 'SAN PEDRO', 22, 1),
(953, 'SAN LUIS DE SINCE', 22, 1),
(954, 'SUCRE', 22, 1),
(955, 'SANTIAGO DE TOLU', 22, 1),
(956, 'TOLU VIEJO', 22, 1),
(957, 'IBAGUE', 23, 1),
(958, 'ALPUJARRA', 23, 1),
(959, 'ALVARADO', 23, 1),
(960, 'AMBALEMA', 23, 1),
(961, 'ANZOATEGUI', 23, 1),
(962, 'ARMERO', 23, 1),
(963, 'ATACO', 23, 1),
(964, 'CAJAMARCA', 23, 1),
(965, 'CARMEN DE APICALA', 23, 1),
(966, 'CASABIANCA', 23, 1),
(967, 'CHAPARRAL', 23, 1),
(968, 'COELLO', 23, 1),
(969, 'COYAIMA', 23, 1),
(970, 'CUNDAY', 23, 1),
(971, 'DOLORES', 23, 1),
(972, 'ESPINAL', 23, 1),
(973, 'FALAN', 23, 1),
(974, 'FLANDES', 23, 1),
(975, 'FRESNO', 23, 1),
(976, 'GUAMO', 23, 1),
(977, 'HERVEO', 23, 1),
(978, 'HONDA', 23, 1),
(979, 'ICONONZO', 23, 1),
(980, 'LERIDA', 23, 1),
(981, 'LIBANO', 23, 1),
(982, 'MARIQUITA', 23, 1),
(983, 'MELGAR', 23, 1),
(984, 'MURILLO', 23, 1),
(985, 'NATAGAIMA', 23, 1),
(986, 'ORTEGA', 23, 1),
(987, 'PALOCABILDO', 23, 1),
(988, 'PIEDRAS', 23, 1),
(989, 'PLANADAS', 23, 1),
(990, 'PRADO', 23, 1),
(991, 'PURIFICACION', 23, 1),
(992, 'RIOBLANCO', 23, 1),
(993, 'RONCESVALLES', 23, 1),
(994, 'ROVIRA', 23, 1),
(995, 'SALDA&Ntilde;A', 23, 1),
(996, 'SAN ANTONIO', 23, 1),
(997, 'SAN LUIS', 23, 1),
(998, 'SANTA ISABEL', 23, 1),
(999, 'SUAREZ', 23, 1),
(1000, 'VALLE DE SAN JUAN', 23, 1),
(1001, 'VENADILLO', 23, 1),
(1002, 'VILLAHERMOSA', 23, 1),
(1003, 'VILLARRICA', 23, 1),
(1004, 'CALI', 24, 1),
(1005, 'ALCALA', 24, 1),
(1006, 'ANDALUCIA', 24, 1),
(1007, 'ANSERMANUEVO', 24, 1),
(1008, 'ARGELIA', 24, 1),
(1009, 'BOLIVAR', 24, 1),
(1010, 'BUENAVENTURA', 24, 1),
(1011, 'GUADALAJARA DE BUGA', 24, 1),
(1012, 'BUGALAGRANDE', 24, 1),
(1013, 'CAICEDONIA', 24, 1),
(1014, 'CALIMA', 24, 1),
(1015, 'CANDELARIA', 24, 1),
(1016, 'CARTAGO', 24, 1),
(1017, 'DAGUA', 24, 1),
(1018, 'EL AGUILA', 24, 1),
(1019, 'EL CAIRO', 24, 1),
(1020, 'EL CERRITO', 24, 1),
(1021, 'EL DOVIO', 24, 1),
(1022, 'FLORIDA', 24, 1),
(1023, 'GINEBRA', 24, 1),
(1024, 'GUACARI', 24, 1),
(1025, 'JAMUNDI', 24, 1),
(1026, 'LA CUMBRE', 24, 1),
(1027, 'LA UNION', 24, 1),
(1028, 'LA VICTORIA', 24, 1),
(1029, 'OBANDO', 24, 1),
(1030, 'PALMIRA', 24, 1),
(1031, 'PRADERA', 24, 1),
(1032, 'RESTREPO', 24, 1),
(1033, 'RIOFRIO', 24, 1),
(1034, 'ROLDANILLO', 24, 1),
(1035, 'SAN PEDRO', 24, 1),
(1036, 'SEVILLA', 24, 1),
(1037, 'TORO', 24, 1),
(1038, 'TRUJILLO', 24, 1),
(1039, 'TULUA', 24, 1),
(1040, 'ULLOA', 24, 1),
(1041, 'VERSALLES', 24, 1),
(1042, 'VIJES', 24, 1),
(1043, 'YOTOCO', 24, 1),
(1044, 'YUMBO', 24, 1),
(1045, 'ZARZAL', 24, 1),
(1046, 'ARAUCA', 25, 1),
(1047, 'ARAUQUITA', 25, 1),
(1048, 'CRAVO NORTE', 25, 1),
(1049, 'FORTUL', 25, 1),
(1050, 'PUERTO RONDON', 25, 1),
(1051, 'SARAVENA', 25, 1),
(1052, 'TAME', 25, 1),
(1053, 'YOPAL', 26, 1),
(1054, 'AGUAZUL', 26, 1),
(1055, 'CHAMEZA', 26, 1),
(1056, 'HATO COROZAL', 26, 1),
(1057, 'LA SALINA', 26, 1),
(1058, 'MANI', 26, 1),
(1059, 'MONTERREY', 26, 1),
(1060, 'NUNCHIA', 26, 1),
(1061, 'OROCUE', 26, 1),
(1062, 'PAZ DE ARIPORO', 26, 1),
(1063, 'PORE', 26, 1),
(1064, 'RECETOR', 26, 1),
(1065, 'SABANALARGA', 26, 1),
(1066, 'SACAMA', 26, 1),
(1067, 'SAN LUIS DE PALENQUE', 26, 1),
(1068, 'TAMARA', 26, 1),
(1069, 'TAURAMENA', 26, 1),
(1070, 'TRINIDAD', 26, 1),
(1071, 'VILLANUEVA', 26, 1),
(1072, 'MOCOA', 27, 1),
(1073, 'COLON', 27, 1),
(1074, 'ORITO', 27, 1),
(1075, 'PUERTO ASIS', 27, 1),
(1076, 'PUERTO CAICEDO', 27, 1),
(1077, 'PUERTO GUZMAN', 27, 1),
(1078, 'LEGUIZAMO', 27, 1),
(1079, 'SIBUNDOY', 27, 1),
(1080, 'SAN FRANCISCO', 27, 1),
(1081, 'SAN MIGUEL', 27, 1),
(1082, 'SANTIAGO', 27, 1),
(1083, 'VALLE DEL GUAMUEZ', 27, 1),
(1084, 'VILLAGARZON', 27, 1),
(1085, 'SAN ANDRES', 28, 1),
(1086, 'PROVIDENCIA', 28, 1),
(1087, 'LETICIA', 29, 1),
(1088, 'EL ENCANTO', 29, 1),
(1089, 'LA CHORRERA', 29, 1),
(1090, 'LA PEDRERA', 29, 1),
(1091, 'LA VICTORIA', 29, 1),
(1092, 'MIRITI - PARANA', 29, 1),
(1093, 'PUERTO ALEGRIA', 29, 1),
(1094, 'PUERTO ARICA', 29, 1),
(1095, 'PUERTO NARI&Ntilde;O', 29, 1),
(1096, 'PUERTO SANTANDER', 29, 1),
(1097, 'TARAPACA', 29, 1),
(1098, 'INIRIDA', 30, 1),
(1099, 'BARRANCO MINAS', 30, 1),
(1100, 'MAPIRIPANA', 30, 1),
(1101, 'SAN FELIPE', 30, 1),
(1102, 'PUERTO COLOMBIA', 30, 1),
(1103, 'LA GUADALUPE', 30, 1),
(1104, 'CACAHUAL', 30, 1),
(1105, 'PANA PANA', 30, 1),
(1106, 'MORICHAL', 30, 1),
(1107, 'SAN JOSE DEL GUAVIARE', 31, 1),
(1108, 'CALAMAR', 31, 1),
(1109, 'EL RETORNO', 31, 1),
(1110, 'MIRAFLORES', 31, 1),
(1111, 'MITU', 32, 1),
(1112, 'CARURU', 32, 1),
(1113, 'PACOA', 32, 1),
(1114, 'TARAIRA', 32, 1),
(1115, 'PAPUNAUA', 32, 1),
(1116, 'YAVARATE', 32, 1),
(1117, 'PUERTO CARRE&Ntilde;O', 33, 1),
(1118, 'LA PRIMAVERA', 33, 1),
(1119, 'SANTA ROSALIA', 33, 1),
(1120, 'CUMARIBO', 33, 1),
(1121, 'ABASTICOS', 11, 1),
(1122, 'AGUACLARA', 26, 1),
(1123, 'AGUAS BLANCAS', 9, 1),
(1124, 'AGUAS CLARAS', 18, 1),
(1125, 'ALBANIA CAMPAMENTO LA ROSITA', 14, 1),
(1126, 'ALBANIA HOTEL WAYA', 14, 1),
(1127, 'ALTAGRACIA', 20, 1),
(1128, 'ALTAMIRA', 1, 1),
(1129, 'ALTAQUER', 17, 1),
(1130, 'AMAIME', 24, 1),
(1131, 'ANAIME', 23, 1),
(1132, 'ANGANOY', 17, 1),
(1133, 'ANIMAS', 12, 1),
(1134, 'APIAY', 16, 1),
(1135, 'ARABIA', 20, 1),
(1136, 'ARAGUANEY', 26, 1),
(1137, 'ARAUCA', 6, 1),
(1138, 'ARGUELLO ALTO', 17, 1),
(1139, 'ARIZONA', 17, 1),
(1140, 'ARJONA', 9, 1),
(1141, 'ARMA', 6, 1),
(1142, 'ARMERO GUAYABAL', 23, 1),
(1143, 'ARROYO DE PIEDRA', 2, 1),
(1144, 'ARROYO DE PIEDRA', 4, 1),
(1145, 'ASTILLEROS', 18, 1),
(1146, 'AYACUCHO', 9, 1),
(1147, 'BAJO CASANARE', 17, 1),
(1148, 'BANADIA', 25, 1),
(1149, 'BARCELONA', 19, 1),
(1150, 'BARRAGAN', 19, 1),
(1151, 'BARRANCO', 4, 1),
(1152, 'BARU ISLA', 4, 1),
(1153, 'BAYUNCA', 4, 1),
(1154, 'BELEN DE BAJIRA', 12, 1),
(1155, 'BELENCITO', 5, 1),
(1156, 'BELEN', 13, 1),
(1157, 'BERLIN', 21, 1),
(1158, 'BERMEJAL', 17, 1),
(1159, 'BERRUECOS', 17, 1),
(1160, 'BETANIA', 13, 1),
(1161, 'BETULIA', 22, 1),
(1162, 'BOCAS DE SATINGA', 17, 1),
(1163, 'BOLIVAR', 1, 1),
(1164, 'BOLIVIA', 6, 1),
(1165, 'BOLOMBOLO', 1, 1),
(1166, 'BONZA', 5, 1),
(1167, 'BOQUERON', 23, 1),
(1168, 'BOSA', 3, 1),
(1169, 'BOTANILLA', 17, 1),
(1170, 'BRICEÑO', 11, 1),
(1171, 'BRUSELAS', 13, 1),
(1172, 'BRUSELAS', 17, 1),
(1173, 'BUENAVISTA', 14, 1),
(1174, 'BUESAQUILLO', 17, 1),
(1175, 'BURITACA', 15, 1),
(1176, 'CABRERA', 17, 1),
(1177, 'CAIMITOS', 22, 1),
(1178, 'CAMPANA', 14, 1),
(1179, 'CAMPECHE', 2, 1),
(1180, 'CAMPO 23', 21, 1),
(1181, 'CANCHALA', 17, 1),
(1182, 'CAÃƒâ€˜O LIMON', 25, 1),
(1183, 'CAPELLANIA', 11, 1),
(1184, 'CARACOLICITO', 9, 1),
(1185, 'CARLOSAMA', 17, 1),
(1186, 'CAROLINA DEL PRINCIPE', 1, 1),
(1187, 'CARRETO', 2, 1),
(1188, 'CARRETO SAN SEBASTIAN', 15, 1),
(1189, 'CARRILLO', 10, 1),
(1190, 'CASACARA', 9, 1),
(1191, 'CASCAJAL', 2, 1),
(1192, 'CASTILLA', 23, 1),
(1193, 'CATAMBUCO', 17, 1),
(1194, 'CAVASA', 24, 1),
(1195, 'CEROTAL', 17, 1),
(1196, 'CERRITOS', 20, 1),
(1197, 'CERROMATOSO', 10, 1),
(1198, 'CHACHAGUI', 17, 1),
(1199, 'CHAPACUAL', 17, 1),
(1200, 'CHICORAL', 23, 1),
(1201, 'CHINAUTA', 11, 1),
(1202, 'CHIVOLO', 15, 1),
(1203, 'CHOCHO', 22, 1),
(1204, 'CHORRILLO', 17, 1),
(1205, 'CHUSACA', 11, 1),
(1206, 'CISNEROS', 24, 1),
(1207, 'CIUDAD DEL CAMPO PALMIRA', 24, 1),
(1208, 'COCONUCO', 8, 1),
(1209, 'COELLO COCORA', 23, 1),
(1210, 'COLON GENOVA', 17, 1),
(1211, 'COSTA RICA', 24, 1),
(1212, 'CRUZ ARADA', 17, 1),
(1213, 'CRUZ DE AMARILLO', 17, 1),
(1214, 'CUATRO VIENTOS', 9, 1),
(1215, 'CUBIJAN BAJO', 17, 1),
(1216, 'CUESTECITA', 14, 1),
(1217, 'CUJACAL', 17, 1),
(1218, 'CUJACAL BAJO', 17, 1),
(1219, 'CUJACAL CENTRO', 17, 1),
(1220, 'CUPIAGUA', 26, 1),
(1221, 'CURRULAO', 1, 1),
(1222, 'CUSIANA', 26, 1),
(1223, 'DAPA', 24, 1),
(1224, 'DARIEN', 24, 1),
(1225, 'DOIMA', 23, 1),
(1226, 'DOLORES', 17, 1),
(1227, 'DORADAL', 1, 1),
(1228, 'ECOPETROL KM. 17', 13, 1),
(1229, 'EL BAJITO', 17, 1),
(1230, 'EL BORDO', 8, 1),
(1231, 'EL CABUYAL', 24, 1),
(1232, 'EL CAGUAN', 13, 1),
(1233, 'EL CAMPANERO', 17, 1),
(1234, 'EL CAPULI', 17, 1),
(1235, 'EL CARMELO', 24, 1),
(1236, 'EL CARMEN KM 30', 24, 1),
(1237, 'EL CENTRO', 21, 1),
(1238, 'EL CERREJON', 14, 1),
(1239, 'EL CONVENIO', 23, 1),
(1240, 'EL DIFICIL ARIGUANI', 15, 1),
(1241, 'EL ENCANO', 17, 1),
(1242, 'EL ESTRECHO', 8, 1),
(1243, 'EL GUAVIO', 11, 1),
(1244, 'EL HORMIGUERO', 8, 1),
(1245, 'EL JUNCAL', 13, 1),
(1246, 'EL LLANITO', 21, 1),
(1247, 'EL MANZANO', 5, 1),
(1248, 'EL MOLINO', 26, 1),
(1249, 'EL MUÃƒâ€˜A', 11, 1),
(1250, 'EL PEÃƒâ€˜OL', 1, 1),
(1251, 'EL PLACER', 24, 1),
(1252, 'EL REMOLINO', 8, 1),
(1253, 'EL RODADERO', 15, 1),
(1254, 'EL SALADITO', 24, 1),
(1255, 'EL SISGA', 11, 1),
(1256, 'EL TOTUMO', 1, 1),
(1257, 'EL TOTUMO', 23, 1),
(1258, 'EL TRIUNFO', 11, 1),
(1259, 'EL VIAJANO', 10, 1),
(1260, 'EL VISO', 4, 1),
(1261, 'ENGATIVA', 3, 1),
(1262, 'ENTRERIOS', 1, 1),
(1263, 'FONTIBON', 3, 1),
(1264, 'FORTALECILLAS', 13, 1),
(1265, 'GAIRA', 15, 1),
(1266, 'GAITANIA', 23, 1),
(1267, 'GALERAZAMBA', 4, 1),
(1268, 'GAMBOTE', 4, 1),
(1269, 'GENOVA', 17, 1),
(1270, 'GESELCA', 14, 1),
(1271, 'GONZALES', 9, 1),
(1272, 'GRANADILLO DE CHAVEZ', 17, 1),
(1273, 'GRANADILLO DE LUNAS', 17, 1),
(1274, 'GUACAMAYAL', 15, 1),
(1275, 'GUACHACA', 15, 1),
(1276, 'GUACHAVEZ', 17, 1),
(1277, 'GUAIRABAMBA', 17, 1),
(1278, 'GUALANDAY', 23, 1),
(1279, 'GUALMATAN ALTO', 17, 1),
(1280, 'GUAMALITO', 18, 1),
(1281, 'GUANAMA', 17, 1),
(1282, 'GUARINOCITO', 6, 1),
(1283, 'GUAYABAL', 17, 1),
(1284, 'GUAYACANAL', 17, 1),
(1285, 'GUEPSA', 21, 1),
(1286, 'GUICAN', 5, 1),
(1287, 'HERRERA', 23, 1),
(1288, 'HIDROSOGAMOSO', 21, 1),
(1289, 'INGENIO MANUELITA', 24, 1),
(1290, 'INGENIO MAYAGUEZ', 24, 1),
(1291, 'INGENIO PICHICHI', 24, 1),
(1292, 'INGENIO PROVIDENCIA', 24, 1),
(1293, 'INNANTAS BAJO', 17, 1),
(1294, 'IRRA', 20, 1),
(1295, 'ISABEL LOPEZ', 2, 1),
(1296, 'ISCUANDE', 17, 1),
(1297, 'JUAN MINA', 2, 1),
(1298, 'JUANCHITO CALI', 24, 1),
(1299, 'JUNIN', 17, 1),
(1300, 'JUNTAS', 23, 1),
(1301, 'KILOMETRO 41', 6, 1),
(1302, 'LA ALIANZA', 17, 1),
(1303, 'LA BOQUILLA', 4, 1),
(1304, 'LA CARO', 11, 1),
(1305, 'LA CHAMBA', 23, 1),
(1306, 'LA CHAPARRERA', 26, 1),
(1307, 'LA CRUZADA', 1, 1),
(1308, 'LA CUNCIA', 16, 1),
(1309, 'LA DOLORES PALMIRA', 24, 1),
(1310, 'LA DONJUANA', 18, 1),
(1311, 'LA DORADA', 27, 1),
(1312, 'LA ESMERALDA', 25, 1),
(1313, 'LA ESTANCIA', 17, 1),
(1314, 'LA FELISA', 6, 1),
(1315, 'LA FLORESTA', 18, 1),
(1316, 'LA FLORIDA', 11, 1),
(1317, 'LA FORTUNA', 21, 1),
(1318, 'LA GRAN VIA', 15, 1),
(1319, 'LA HORMIGA', 27, 1),
(1320, 'LA JARRA', 18, 1),
(1321, 'LA LAGUNA', 17, 1),
(1322, 'LA LOMA', 9, 1),
(1323, 'LA MESA DE LOS SANTOS', 21, 1),
(1324, 'LA PAILA', 24, 1),
(1325, 'LA PALMA', 17, 1),
(1326, 'LA PALMITA', 23, 1),
(1327, 'LA PARADA', 18, 1),
(1328, 'LA PESQUERA', 25, 1),
(1329, 'LA PLAYA', 21, 1),
(1330, 'LA PUNTA', 14, 1),
(1331, 'LA SIERRA', 1, 1),
(1332, 'LA SIERRA', 23, 1),
(1333, 'LA TABLAZA', 1, 1),
(1334, 'LA URIBE', 24, 1),
(1335, 'LA VICTORIA', 17, 1),
(1336, 'LA YE', 10, 1),
(1337, 'LARGA', 11, 1),
(1338, 'LAS FLORES', 14, 1),
(1339, 'LAS LAJAS', 17, 1),
(1340, 'LAS MERCEDES', 18, 1),
(1341, 'LLANITOS', 23, 1),
(1342, 'LLORENTE', 17, 1),
(1343, 'LOBOGUERRERO', 24, 1),
(1344, 'LOMA CALENTURAS', 9, 1),
(1345, 'LOMA LINDA', 9, 1),
(1346, 'LOMITA ARENA', 4, 1),
(1347, 'LOPEZ DE MICAY', 8, 1),
(1348, 'LOS ANDES NUEVA GRANADA', 15, 1),
(1349, 'LOS ANGELES', 17, 1),
(1350, 'LOS CORAZONES', 9, 1),
(1351, 'LOS PENDALES', 2, 1),
(1352, 'LOS ROBLES', 9, 1),
(1353, 'MAGUI PAYAN', 17, 1),
(1354, 'MALAGANA', 4, 1),
(1355, 'MAMONAL', 4, 1),
(1356, 'MANAURE BALCON DEL CESAR', 9, 1),
(1357, 'MANDIVA', 8, 1),
(1358, 'MANZANILLO DEL MAR', 4, 1),
(1359, 'MAPACHICO ALTO', 17, 1),
(1360, 'MAPACHICO BAJO', 17, 1),
(1361, 'MAPACHICO SAN JOSE', 17, 1),
(1362, 'MARIANGOLA', 9, 1),
(1363, 'MEDELLIN DEL ARIARI', 16, 1),
(1364, 'MEDIA CANOA', 24, 1),
(1365, 'MENESES DE HURTADO', 17, 1),
(1366, 'MESA DE ELIAS', 13, 1),
(1367, 'MESITAS DEL COLEGIO', 11, 1),
(1368, 'MINA CAYPA', 14, 1),
(1369, 'MINA CMU', 9, 1),
(1370, 'MINA DRUMMOND', 9, 1),
(1371, 'MINA EL HATILLO', 9, 1),
(1372, 'MINA LA FRANCIA', 9, 1),
(1373, 'MINA PRODECO', 9, 1),
(1374, 'MINA VALE COAL', 9, 1),
(1375, 'MINGUEO', 14, 1),
(1376, 'MOCONDINO', 17, 1),
(1377, 'MOHECHIZA BAJO', 17, 1),
(1378, 'MONDOMO', 8, 1),
(1379, 'MONTEBELLO CALI', 24, 1),
(1380, 'MORCA', 5, 1),
(1381, 'MOTILON', 17, 1),
(1382, 'MULALO YUMBO', 24, 1),
(1383, 'NARANJAL', 17, 1),
(1384, 'NAZARETH', 5, 1),
(1385, 'NORIAN', 9, 1),
(1386, 'OBANDO', 17, 1),
(1387, 'OLIVAL', 21, 1),
(1388, 'ORIHUECA', 15, 1),
(1389, 'ORTIGAL', 8, 1),
(1390, 'PACHAQUIARO', 16, 1),
(1391, 'PADUA', 23, 1),
(1392, 'PAEZ BELALCAZAR', 8, 1),
(1393, 'PAISPAMBA SOTARA', 8, 1),
(1394, 'PALERMO', 1, 1),
(1395, 'PALERMO', 15, 1),
(1396, 'PALMASECA PALMIRA', 24, 1),
(1397, 'PALMITAS', 1, 1),
(1398, 'PALOMINO', 14, 1),
(1399, 'PANAMA', 25, 1),
(1400, 'PAPAYAL', 14, 1),
(1401, 'PARAGUACHON', 14, 1),
(1402, 'PASACABALLOS', 14, 1),
(1403, 'PASIZARA', 17, 1),
(1404, 'PAVAS', 24, 1),
(1405, 'PAYANDE', 23, 1),
(1406, 'PEDREGAL', 8, 1),
(1407, 'PEDREGAL', 17, 1),
(1408, 'PEJENDINO REYES', 17, 1),
(1409, 'PESCADERO', 21, 1),
(1410, 'PESCADOR', 8, 1),
(1411, 'PICALEÃƒâ€˜A', 23, 1),
(1412, 'PIEDRA ANCHA', 17, 1),
(1413, 'PILCUAN', 17, 1),
(1414, 'PINAR DEL RIO', 2, 1),
(1415, 'PITAL DE MENGUA', 2, 1),
(1416, 'PIZARRO', 12, 1),
(1417, 'PLAYA RICA', 23, 1),
(1418, 'POLACHAYAN', 17, 1),
(1419, 'PONTEZUELA', 4, 1),
(1420, 'POZO CARICARE', 25, 1),
(1421, 'PRESIDENTE', 24, 1),
(1422, 'PUEBLO NUEVO', 25, 1),
(1423, 'PUEBLO NUEVO', 15, 1),
(1424, 'PUENTE BOYACA', 5, 1),
(1425, 'PUENTE DE PIEDRA', 11, 1),
(1426, 'PUENTE SOGAMOSO', 21, 1),
(1427, 'PUERTO ARAUJO', 21, 1),
(1428, 'PUERTO BOGOTA', 11, 1),
(1429, 'PUERTO BOYACA', 1, 1),
(1430, 'PUERTO BRISA', 14, 1),
(1431, 'PUERTO GIRALDO', 2, 1),
(1432, 'PUERTO INIRIDA', 30, 1),
(1433, 'PUERTO LEGUIZAMO', 27, 1),
(1434, 'PUERTO PAJON', 4, 1),
(1435, 'PUERTO RICO', 4, 1),
(1436, 'PUERTO SERVIEZ', 5, 1),
(1437, 'PUERTO VALDIVIA', 1, 1),
(1438, 'PUNTA CANOA', 4, 1),
(1439, 'RINCON HONDO', 9, 1),
(1440, 'RIOANCHO', 14, 1),
(1441, 'RIOFRIO', 15, 1),
(1442, 'ROZO', 24, 1),
(1443, 'SALAHONDA', 17, 1),
(1444, 'SALGAR', 2, 1),
(1445, 'SAMACA', 26, 1),
(1446, 'SAMARIA', 6, 1),
(1447, 'SAN ANDRES DE SOTAVENTO', 10, 1),
(1448, 'SAN ANDRES ISLA', 28, 1),
(1449, 'SAN ANGEL', 15, 1),
(1450, 'SAN ANTONIO DE ARANDA', 17, 1),
(1451, 'SAN ANTONIO DE PEREIRA', 1, 1),
(1452, 'SAN ANTONIO DE PRADO', 1, 1),
(1453, 'SAN BERNARDO', 18, 1),
(1454, 'SAN CAYETANO', 4, 1),
(1455, 'SAN CLEMENTE', 20, 1),
(1456, 'SAN ESTANISLAO ARENAL', 4, 1),
(1457, 'SAN FAUSTINO', 18, 1),
(1458, 'SAN FELIX', 6, 1),
(1459, 'SAN FRANCISCO', 17, 1),
(1460, 'SAN JOSE DE ALBAN', 17, 1),
(1461, 'SAN JOSE DE COAPITAS', 17, 1),
(1462, 'SAN JOSE DE CORDOBA', 17, 1),
(1463, 'SAN JOSE DE URE', 10, 1),
(1464, 'SAN JOSE DEL NUS', 1, 1),
(1465, 'SAN JOSE', 17, 1),
(1466, 'SAN JUAN', 17, 1),
(1467, 'SAN JUAN ANGANOY', 17, 1),
(1468, 'SAN JUAN DE SUMAPAZ', 11, 1),
(1469, 'SAN MARCOS', 24, 1),
(1470, 'SAN MARTIN', 4, 1),
(1471, 'SAN PEDRO DE IGUAQUE', 5, 1),
(1472, 'SAN PEDRO DE LOS MILAGROS', 1, 1),
(1473, 'SAN RAFAEL DE RIONEGRO', 21, 1),
(1474, 'SAN ROQUE', 9, 1),
(1475, 'SAN SEBASTIAN', 15, 1),
(1476, 'SAN VICENTE', 18, 1),
(1477, 'SANTA ANA', 4, 1),
(1478, 'SANTA BARBARA DE ISCUANDE', 17, 1),
(1479, 'SANTA ELENA', 1, 1),
(1480, 'SANTA ISABEL', 1, 1),
(1481, 'SANTA ROSA DE LIMA', 4, 1),
(1482, 'SANTA VERONICA', 2, 1),
(1483, 'SANTACRUZ GUACHAVEZ', 17, 1),
(1484, 'SANTANDERCITO', 11, 1),
(1485, 'SEVILLA ZONA BANANERA', 15, 1),
(1486, 'SEVILLA', 1, 1),
(1487, 'SIBARCO', 2, 1),
(1488, 'SINCE', 22, 1),
(1489, 'SINCERIN', 4, 1),
(1490, 'SONSO', 24, 1),
(1491, 'SOTOMAYOR', 17, 1),
(1492, 'SUBA', 3, 1),
(1493, 'SUBIA', 11, 1),
(1494, 'TAGANGA', 15, 1),
(1495, 'TALAIGUA', 4, 1),
(1496, 'TESCUAL', 17, 1),
(1497, 'TIBAQUI', 11, 1),
(1498, 'TIERRANEGRA', 5, 1),
(1499, 'TIQUISIO PUERTO RICO', 4, 1),
(1500, 'TOGUI', 5, 1),
(1501, 'TOLEMAIDA', 23, 1),
(1502, 'TOLU', 22, 1),
(1503, 'TUCHIN', 10, 1),
(1504, 'TUCURINCA', 15, 1),
(1505, 'TUMACO', 17, 1),
(1506, 'TUNIA', 8, 1),
(1507, 'TUTUNENDO', 12, 1),
(1508, 'UBATE', 11, 1),
(1509, 'USAQUEN', 3, 1),
(1510, 'USME', 3, 1),
(1511, 'VADO REAL', 21, 1),
(1512, 'VALENCIA DE JESUS', 9, 1),
(1513, 'VASCONIA', 5, 1),
(1514, 'VERSALLES', 1, 1),
(1515, 'VILLA CAROLA', 16, 1),
(1516, 'VILLA RESTREPO', 23, 1),
(1517, 'VILLAGORGONA', 24, 1),
(1518, 'VILLARRICA-CAU', 8, 1),
(1519, 'YOPALOSA', 26, 1),
(1520, 'YUTO', 12, 1),
(1521, 'ZARAGOZA', 24, 1),
(1522, 'ZULUAGA', 13, 1);

-- --------------------------------------------------------

--
-- Estructura de tabla para la tabla `ad_departamentos`
--

CREATE TABLE `ad_departamentos` (
  `departamento_id` int(10) NOT NULL,
  `departamento` varchar(255) NOT NULL,
  `estado` int(1) NOT NULL
) ENGINE=InnoDB DEFAULT CHARSET=latin1;

--
-- Volcado de datos para la tabla `ad_departamentos`
--

INSERT INTO `ad_departamentos` (`departamento_id`, `departamento`, `estado`) VALUES
(1, 'ANTIOQUIA', 1),
(2, 'ATLANTICO', 1),
(3, 'BOGOTA', 1),
(4, 'BOLIVAR', 1),
(5, 'BOYACA', 1),
(6, 'CALDAS', 1),
(7, 'CAQUETA', 1),
(8, 'CAUCA', 1),
(9, 'CESAR', 1),
(10, 'CORDOBA', 1),
(11, 'CUNDINAMARCA', 1),
(12, 'CHOCO', 1),
(13, 'HUILA', 1),
(14, 'LA GUAJIRA', 1),
(15, 'MAGDALENA', 1),
(16, 'META', 1),
(17, 'NARIÑO', 1),
(18, 'N. DE SANTANDER', 1),
(19, 'QUINDIO', 1),
(20, 'RISARALDA', 1),
(21, 'SANTANDER', 1),
(22, 'SUCRE', 1),
(23, 'TOLIMA', 1),
(24, 'VALLE DEL CAUCA', 1),
(25, 'ARAUCA', 1),
(26, 'CASANARE', 1),
(27, 'PUTUMAYO', 1),
(28, 'SAN ANDRES', 1),
(29, 'AMAZONAS', 1),
(30, 'GUAINIA', 1),
(31, 'GUAVIARE', 1),
(32, 'VAUPES', 1),
(33, 'VICHADA', 1);

-- --------------------------------------------------------

--
-- Estructura de tabla para la tabla `ad_detalle_factura`
--

CREATE TABLE `ad_detalle_factura` (
  `detalle_id` int(11) NOT NULL,
  `factura_id` int(11) NOT NULL,
  `creador_id` int(11) NOT NULL,
  `editor_id` int(11) DEFAULT NULL,
  `cantidad` int(11) NOT NULL,
  `precio` int(11) NOT NULL,
  `total` int(11) NOT NULL,
  `fecha_creacion` datetime NOT NULL DEFAULT current_timestamp(),
  `fecha_modificacion` datetime DEFAULT NULL,
  `ganancia_asesor` int(11) NOT NULL
) ENGINE=InnoDB DEFAULT CHARSET=utf8mb4;

-- --------------------------------------------------------

--
-- Estructura de tabla para la tabla `ad_empresas`
--

CREATE TABLE `ad_empresas` (
  `empresa_id` int(11) NOT NULL,
  `responsable_id` int(11) NOT NULL,
  `creador_id` int(11) NOT NULL,
  `editor_id` int(11) DEFAULT NULL,
  `empresa` varchar(50) NOT NULL,
  `nit` varchar(50) NOT NULL,
  `email` varchar(100) NOT NULL,
  `direccion` varchar(200) NOT NULL,
  `telefono` int(11) NOT NULL,
  `fecha_creacion` datetime NOT NULL DEFAULT current_timestamp(),
  `fecha_edicion` datetime DEFAULT NULL,
  `estado` int(11) NOT NULL DEFAULT 1
) ENGINE=InnoDB DEFAULT CHARSET=utf8mb4;

-- --------------------------------------------------------

--
-- Estructura de tabla para la tabla `ad_facturas`
--

CREATE TABLE `ad_facturas` (
  `factura_id` int(11) NOT NULL,
  `empresa_id` int(11) NOT NULL DEFAULT 1,
  `asesor_id` int(11) NOT NULL,
  `creador_id` int(11) NOT NULL,
  `editor_id` int(11) DEFAULT NULL,
  `fecha_creacion` datetime NOT NULL DEFAULT current_timestamp(),
  `fecha_edicion` datetime DEFAULT NULL,
  `estado` int(11) NOT NULL DEFAULT 1 COMMENT '1: creada; 2: Pendiente; 3: Cancelada'
) ENGINE=InnoDB DEFAULT CHARSET=utf8mb4;

-- --------------------------------------------------------

--
-- Estructura de tabla para la tabla `ad_roles`
--

CREATE TABLE `ad_roles` (
  `rol_id` int(11) NOT NULL,
  `creador_id` int(11) NOT NULL,
  `editor_id` int(11) DEFAULT NULL,
  `rol` varchar(50) NOT NULL,
  `fecha_creacion` datetime NOT NULL DEFAULT current_timestamp(),
  `fecha_edicion` datetime DEFAULT NULL,
  `estado` int(11) NOT NULL DEFAULT 1 COMMENT '1: activo; 2: inactivo'
) ENGINE=InnoDB DEFAULT CHARSET=utf8mb4;

-- --------------------------------------------------------

--
-- Estructura de tabla para la tabla `ad_tipo_identificacion`
--

CREATE TABLE `ad_tipo_identificacion` (
  `tipo_identificacion_id` int(1) NOT NULL,
  `tipo_identificacion` varchar(255) NOT NULL
) ENGINE=InnoDB DEFAULT CHARSET=latin1;

--
-- Volcado de datos para la tabla `ad_tipo_identificacion`
--

INSERT INTO `ad_tipo_identificacion` (`tipo_identificacion_id`, `tipo_identificacion`) VALUES
(1, 'Cédula de ciudadanía'),
(2, 'Cédula de extranjería'),
(3, 'NUIP'),
(4, 'Pasaporte'),
(5, 'Tarjeta de Identidad');

-- --------------------------------------------------------

--
-- Estructura de tabla para la tabla `ad_usuarios`
--

CREATE TABLE `ad_usuarios` (
  `usuario_id` int(11) NOT NULL,
  `tipo_identificacion_id` int(1) NOT NULL,
  `rol_id` int(1) NOT NULL,
  `ciudad_id` int(10) NOT NULL,
  `nombrecompleto` varchar(255) NOT NULL,
  `identificacion` varchar(20) NOT NULL,
  `email` varchar(255) DEFAULT NULL,
  `contrasena` varchar(255) NOT NULL,
  `celular` varchar(15) NOT NULL,
  `direccion` varchar(255) DEFAULT NULL,
  `fecha_creacion` datetime NOT NULL DEFAULT current_timestamp(),
  `estado` int(1) NOT NULL COMMENT '1: activo; 2: inactivo',
  `fecha_ultimo_ingreso` datetime DEFAULT NULL,
  `ultima_ip` varchar(16) DEFAULT NULL
) ENGINE=InnoDB DEFAULT CHARSET=latin1;

--
-- Índices para tablas volcadas
--

--
-- Indices de la tabla `ad_caja`
--
ALTER TABLE `ad_caja`
  ADD PRIMARY KEY (`caja_id`),
  ADD KEY `creador_id` (`creador_id`),
  ADD KEY `editor_id` (`editor_id`),
  ADD KEY `factura_id` (`factura_id`);

--
-- Indices de la tabla `ad_ciudades`
--
ALTER TABLE `ad_ciudades`
  ADD PRIMARY KEY (`ciudad_id`),
  ADD KEY `departamento_id` (`departamento_id`);

--
-- Indices de la tabla `ad_departamentos`
--
ALTER TABLE `ad_departamentos`
  ADD PRIMARY KEY (`departamento_id`);

--
-- Indices de la tabla `ad_detalle_factura`
--
ALTER TABLE `ad_detalle_factura`
  ADD PRIMARY KEY (`detalle_id`),
  ADD KEY `creador_id` (`creador_id`),
  ADD KEY `editor_id` (`editor_id`),
  ADD KEY `factura_id` (`factura_id`);

--
-- Indices de la tabla `ad_empresas`
--
ALTER TABLE `ad_empresas`
  ADD KEY `creador_id` (`creador_id`),
  ADD KEY `editor_id` (`editor_id`),
  ADD KEY `responsable_id` (`responsable_id`);

--
-- Indices de la tabla `ad_facturas`
--
ALTER TABLE `ad_facturas`
  ADD PRIMARY KEY (`factura_id`),
  ADD KEY `asesor_id` (`asesor_id`),
  ADD KEY `creador_id` (`creador_id`),
  ADD KEY `editor_id` (`editor_id`),
  ADD KEY `empresa_id` (`empresa_id`);

--
-- Indices de la tabla `ad_roles`
--
ALTER TABLE `ad_roles`
  ADD PRIMARY KEY (`rol_id`),
  ADD KEY `creador_id` (`creador_id`),
  ADD KEY `editor_id` (`editor_id`);

--
-- Indices de la tabla `ad_tipo_identificacion`
--
ALTER TABLE `ad_tipo_identificacion`
  ADD PRIMARY KEY (`tipo_identificacion_id`);

--
-- Indices de la tabla `ad_usuarios`
--
ALTER TABLE `ad_usuarios`
  ADD PRIMARY KEY (`usuario_id`),
  ADD UNIQUE KEY `email` (`email`),
  ADD KEY `ciudad_id` (`ciudad_id`),
  ADD KEY `tipo_identificacion_id` (`tipo_identificacion_id`),
  ADD KEY `rol_id` (`rol_id`);

--
-- AUTO_INCREMENT de las tablas volcadas
--

--
-- AUTO_INCREMENT de la tabla `ad_caja`
--
ALTER TABLE `ad_caja`
  MODIFY `caja_id` int(11) NOT NULL AUTO_INCREMENT;

--
-- AUTO_INCREMENT de la tabla `ad_ciudades`
--
ALTER TABLE `ad_ciudades`
  MODIFY `ciudad_id` int(10) NOT NULL AUTO_INCREMENT, AUTO_INCREMENT=1523;

--
-- AUTO_INCREMENT de la tabla `ad_departamentos`
--
ALTER TABLE `ad_departamentos`
  MODIFY `departamento_id` int(10) NOT NULL AUTO_INCREMENT, AUTO_INCREMENT=34;

--
-- AUTO_INCREMENT de la tabla `ad_detalle_factura`
--
ALTER TABLE `ad_detalle_factura`
  MODIFY `detalle_id` int(11) NOT NULL AUTO_INCREMENT;

--
-- AUTO_INCREMENT de la tabla `ad_facturas`
--
ALTER TABLE `ad_facturas`
  MODIFY `factura_id` int(11) NOT NULL AUTO_INCREMENT;

--
-- AUTO_INCREMENT de la tabla `ad_roles`
--
ALTER TABLE `ad_roles`
  MODIFY `rol_id` int(11) NOT NULL AUTO_INCREMENT;

--
-- AUTO_INCREMENT de la tabla `ad_tipo_identificacion`
--
ALTER TABLE `ad_tipo_identificacion`
  MODIFY `tipo_identificacion_id` int(1) NOT NULL AUTO_INCREMENT, AUTO_INCREMENT=6;

--
-- AUTO_INCREMENT de la tabla `ad_usuarios`
--
ALTER TABLE `ad_usuarios`
  MODIFY `usuario_id` int(11) NOT NULL AUTO_INCREMENT;

--
-- Restricciones para tablas volcadas
--

--
-- Filtros para la tabla `ad_caja`
--
ALTER TABLE `ad_caja`
  ADD CONSTRAINT `ad_caja_ibfk_1` FOREIGN KEY (`creador_id`) REFERENCES `ad_usuarios` (`usuario_id`) ON DELETE NO ACTION ON UPDATE NO ACTION,
  ADD CONSTRAINT `ad_caja_ibfk_2` FOREIGN KEY (`editor_id`) REFERENCES `ad_usuarios` (`usuario_id`) ON DELETE NO ACTION ON UPDATE NO ACTION,
  ADD CONSTRAINT `ad_caja_ibfk_3` FOREIGN KEY (`factura_id`) REFERENCES `ad_facturas` (`factura_id`) ON DELETE NO ACTION ON UPDATE NO ACTION;

--
-- Filtros para la tabla `ad_ciudades`
--
ALTER TABLE `ad_ciudades`
  ADD CONSTRAINT `ad_ciudades_ibfk_1` FOREIGN KEY (`departamento_id`) REFERENCES `ad_departamentos` (`departamento_id`) ON DELETE NO ACTION ON UPDATE NO ACTION;

--
-- Filtros para la tabla `ad_detalle_factura`
--
ALTER TABLE `ad_detalle_factura`
  ADD CONSTRAINT `ad_detalle_factura_ibfk_1` FOREIGN KEY (`creador_id`) REFERENCES `ad_usuarios` (`usuario_id`) ON DELETE NO ACTION ON UPDATE NO ACTION,
  ADD CONSTRAINT `ad_detalle_factura_ibfk_2` FOREIGN KEY (`editor_id`) REFERENCES `ad_usuarios` (`usuario_id`) ON DELETE NO ACTION ON UPDATE NO ACTION,
  ADD CONSTRAINT `ad_detalle_factura_ibfk_3` FOREIGN KEY (`factura_id`) REFERENCES `ad_facturas` (`factura_id`) ON DELETE NO ACTION ON UPDATE NO ACTION;

--
-- Filtros para la tabla `ad_empresas`
--
ALTER TABLE `ad_empresas`
  ADD CONSTRAINT `ad_empresas_ibfk_1` FOREIGN KEY (`creador_id`) REFERENCES `ad_usuarios` (`usuario_id`) ON DELETE NO ACTION ON UPDATE NO ACTION,
  ADD CONSTRAINT `ad_empresas_ibfk_2` FOREIGN KEY (`editor_id`) REFERENCES `ad_usuarios` (`usuario_id`) ON DELETE NO ACTION ON UPDATE NO ACTION,
  ADD CONSTRAINT `ad_empresas_ibfk_3` FOREIGN KEY (`responsable_id`) REFERENCES `ad_usuarios` (`usuario_id`) ON DELETE NO ACTION ON UPDATE NO ACTION;

--
-- Filtros para la tabla `ad_facturas`
--
ALTER TABLE `ad_facturas`
  ADD CONSTRAINT `ad_facturas_ibfk_1` FOREIGN KEY (`asesor_id`) REFERENCES `ad_usuarios` (`usuario_id`) ON DELETE NO ACTION ON UPDATE NO ACTION,
  ADD CONSTRAINT `ad_facturas_ibfk_2` FOREIGN KEY (`creador_id`) REFERENCES `ad_usuarios` (`usuario_id`) ON DELETE NO ACTION ON UPDATE NO ACTION,
  ADD CONSTRAINT `ad_facturas_ibfk_3` FOREIGN KEY (`editor_id`) REFERENCES `ad_usuarios` (`usuario_id`) ON DELETE NO ACTION ON UPDATE NO ACTION,
  ADD CONSTRAINT `ad_facturas_ibfk_4` FOREIGN KEY (`empresa_id`) REFERENCES `ad_usuarios` (`usuario_id`) ON DELETE NO ACTION ON UPDATE NO ACTION;

--
-- Filtros para la tabla `ad_roles`
--
ALTER TABLE `ad_roles`
  ADD CONSTRAINT `ad_roles_ibfk_1` FOREIGN KEY (`creador_id`) REFERENCES `ad_usuarios` (`usuario_id`) ON DELETE NO ACTION ON UPDATE NO ACTION,
  ADD CONSTRAINT `ad_roles_ibfk_2` FOREIGN KEY (`editor_id`) REFERENCES `ad_usuarios` (`usuario_id`) ON DELETE NO ACTION ON UPDATE NO ACTION;

--
-- Filtros para la tabla `ad_usuarios`
--
ALTER TABLE `ad_usuarios`
  ADD CONSTRAINT `ad_usuarios_ibfk_1` FOREIGN KEY (`ciudad_id`) REFERENCES `ad_ciudades` (`ciudad_id`) ON DELETE NO ACTION ON UPDATE NO ACTION,
  ADD CONSTRAINT `ad_usuarios_ibfk_2` FOREIGN KEY (`tipo_identificacion_id`) REFERENCES `ad_tipo_identificacion` (`tipo_identificacion_id`) ON DELETE NO ACTION ON UPDATE NO ACTION,
  ADD CONSTRAINT `ad_usuarios_ibfk_3` FOREIGN KEY (`rol_id`) REFERENCES `ad_roles` (`rol_id`) ON DELETE NO ACTION ON UPDATE NO ACTION;
COMMIT;

/*!40101 SET CHARACTER_SET_CLIENT=@OLD_CHARACTER_SET_CLIENT */;
/*!40101 SET CHARACTER_SET_RESULTS=@OLD_CHARACTER_SET_RESULTS */;
/*!40101 SET COLLATION_CONNECTION=@OLD_COLLATION_CONNECTION */;
